word,pro,weight,day,accum,note
合図,あいず,53,6,0.7788007830714049,形容词：[enter]顽强的，倔强的
愛想,あいそう,53,6,0.7788007830714049,
当たり,あたり,53,6,0.7788007830714049,
新た,あらた,53,6,0.7788007830714049,
安静,あんせい,53,6,0.7788007830714049,
いい加減,いいかげん,53,6,0.7788007830714049,
行き違い,いきちがい,63,8,0.7046880897187134,
一変,いっぺん,53,6,0.7788007830714049,
居眠り,いねむり,53,6,0.7788007830714049,
受け止める,うけやめる,70,8,0.7046880897187134,1. 接住。[enter]2. 挡住攻击；架住。[enter]3. 理解；接受意见、批评等，并予以处理解决。
渦,うず,53,6,0.7788007830714049,
うっとうしい,うっとうしい,62,8,0.7046880897187134,1. 同：鬱陶しい[enter]2. 厌烦，不痛快，因为碍事而，令人厌烦，麻烦的，腻烦的。[enter]3. 郁闷，阴郁，沉闷，沉重而阴暗，心情不愉快。
栄華,えいが,53,6,0.7788007830714049,
大袈裟,おおげさ,53,6,0.7788007830714049,
おどおど,おどおど,53,6,0.7788007830714049,
脅かす,おびやかす,62,8,0.7046880897187134,
街頭,がいとう,53,6,0.7788007830714049,
解剖,かいぼう,53,6,0.7788007830714049,
畏まる,かしこまる,53,6,0.7788007830714049,
過疎,かそ,53,6,0.7788007830714049,
庇う,かばう,53,6,0.7788007830714049,
かろうじて,かろうじて,70,8,0.7046880897187134,好不容易才……，勉勉强强地。
歓声,かんせい,53,5,0.0,
兆し,きざし,58,8,0.7046880897187134,
気性,きしょう,67,8,0.7046880897187134,秉性，脾气，性情。
脚本,きゃくほん,53,6,0.7788007830714049,
食い違う,くいちがう,53,6,0.7788007830714049,
窪む,くぼむ,66,8,0.7046880897187134,
組み回せる,くみまわせる,53,6,0.7788007830714049,
経緯,けいい,53,6,0.7788007830714049,
汚らわしい,けがらわしい,62,8,0.7046880897187134,
健在,けんざい,53,6,0.7788007830714049,
控除,こうじょ,66,8,0.7046880897187134,扣除。
拗れる,こじれる,79,8,0.7046880897187134,1. 复杂化，恶化，缠绵不愈。[enter]2. 别扭，执拗。
細やか,こまやか,62,8,0.7046880897187134,
雇用,こよう,53,6,0.7788007830714049,
最善,さいぜん,53,6,0.7788007830714049,
遮る,さえぎる,58,8,0.7046880897187134,
差し支える,さしつかえる,68,8,0.7046880897187134,妨碍，障碍，有影响。不方便。
作戦,さくせん,58,8,0.7046880897187134,
さっぱり,さっぱり,76,8,0.7046880897187134,1. 整洁，利落，潇洒；直爽，坦率，淡泊；[enter]2. 爽快，痛快；清淡，不油腻；[enter]3. 不好，糟糕；完全，全部，彻底；[enter]4. 精光，什么都没留下。
仕掛ける,しかける,62,8,0.7046880897187134,
慕う,したう,58,8,0.7046880897187134,
しぶとい,しぶとい,74,8,0.7046880897187134,顽强的，倔强的。
謝絶,しゃぜつ,53,6,0.7788007830714049,
借金,しゃっきん,53,6,0.7788007830714049,
ジャンル,じゃんる,58,8,0.7046880897187134,
純粋,じゅんすい,53,6,0.7788007830714049,
辛抱,しんぼう,62,8,0.7046880897187134,1. 耐心工作，耐。[enter]2. 忍，忍耐，忍受。
据える,すえる,58,8,0.7046880897187134,1. 安设；放，安放，放置。[enter]2. 沉着（不动）。[enter]3. 灸治。[enter]4. 让（人）坐在……的上面（位置）。
スタジオ,すたじお,58,8,0.7046880897187134,
廃れる,すたれる,66,8,0.7046880897187134,
せっせと,せっせと,74,8,0.7046880897187134,孜孜不倦地
切ない,せつない,62,8,0.7046880897187134,1. 难受的，苦闷的，（因悲伤而感到）憋得慌的，难过的。[enter]2.（身体感觉）难受的，痛苦的。
先頭,せんとう,58,8,0.7046880897187134,
相応,そうおう,58,8,0.7046880897187134,
素っ気ない,そっけない,58,8,0.7046880897187134,
剃る,そる,53,6,0.7788007830714049,
対処,たいしょ,53,6,0.7788007830714049,
妥協,だきょう,62,8,0.7046880897187134,
ダブル,だぶる,58,8,0.7046880897187134,
溜まる,たまる,53,6,0.7788007830714049,
着手,ちゃくしゅ,53,6,0.7788007830714049,
散らかる,ちらかる,58,8,0.7046880897187134,
つくづく,つくづく,70,8,0.7046880897187134,1. 痛感；衷心地；深切感到。[enter]2. 仔细；出神；全神贯注。
手配,てはい,75,8,0.7046880897187134,1. 准备，筹备，安排。[enter]2. 通缉，逮捕犯人时的指令和部署。
徹する,てっする,58,8,0.7046880897187134,
タレント,たれんと,53,6,0.7788007830714049,
問い合わせる,といあわせる,58,8,0.7046880897187134,
遠ざかる,とおざかる,58,8,0.7046880897187134,
取り締まる,とりしまる,58,8,0.7046880897187134,
情けない,なさけない,58,8,0.7046880897187134,
成り立つ,なりたつ,58,8,0.7046880897187134,
値打ち,ねうち,58,8,0.7046880897187134,
捩れる,ねじれる,77,8,0.7046880897187134,歪扭。扭曲。
ネットワーク,ねっとわーく,53,6,0.7788007830714049,
ノウハウ,のうはう,58,8,0.7046880897187134,
望ましい,のぞましい,53,6,0.7788007830714049,
飲み込む,のみこむ,53,6,0.7788007830714049,
励ます,はげます,53,6,0.7788007830714049,
華々しい,はなばなしい,53,6,0.7788007830714049,
阻む,はばむ,74,8,0.7046880897187134,
久しい,ひさしい,58,8,0.7046880897187134,
冷やかす,ひやかす,66,8,0.7046880897187134,
フォーム,ふぉーむ,53,6,0.7788007830714049,
不況,ふきょう,62,8,0.7046880897187134,
ブザー,ぶざー,58,8,0.7046880897187134,
物議,ぶつぎ,58,8,0.7046880897187134,
踏み込む,ふみこむ,62,8,0.7046880897187134,
振り返る,ふりかえる,75,8,0.7046880897187134,1. 回头看，回过头去（看），向后（看）。[enter]2. 回顾。回过头来看，思考过去的事情。
ペコペコ,ぺこぺこ,62,8,0.7046880897187134,1. 肚子饿。[enter]2. 点头哈腰。谄媚貌。[enter]3. 薄东西凹瘪后又恢复原状的声音。
便宜,べんぎ,58,8,0.7046880897187134,
冒頭,ぼうとう,62,8,0.7046880897187134,
没収,ぼっしゅう,62,8,0.7046880897187134,
施す,ほどこす,60,8,0.7046880897187134,
賄う,まかなう,68,8,0.7046880897187134,
マッチ,まっち,53,6,0.7788007830714049,
みすぼらしい,みすぼらしい,70,8,0.7046880897187134,寒碜的，难看的，衣衫褴褛的。
乱れる,みだれる,70,8,0.7046880897187134,
空しい,むなしい,68,8,0.7046880897187134,
目盛り,めもり,60,7,0.0,
専ら,もっぱら,60,7,0.0,
催す,もよおす,68,7,0.0,
ややこしい,ややこしい,66,7,0.0,麻烦的，复杂的。
融通,ゆうづう,52,4,0.8607079764250578,
翌日,よくじつ,60,7,0.0,
酔っ払う,よっぱらう,52,4,0.8607079764250578,
夜更け,よふけ,60,7,0.0,
流暢,りゅうちょう,64,7,0.0,
露骨,ろこつ,52,4,0.8607079764250578,
煩わしい,わずらわしい,68,7,0.0,1. 繁琐的，麻烦的，复杂的。[enter]2. 烦恼的，腻烦的，令人心烦的。
アプローチ,あぷろーち,60,7,0.0,
アマチュア,あまちゅあ,60,7,0.0,
怒り,いかり,60,7,0.0,
インパクト,いんぱくと,60,7,0.0,
動き,うごき,60,7,0.0,
縁,えん,60,7,0.0,缘，缘分；血缘；相知之情；关系；机缘。
おびただしい,おびただしい,62,7,0.0,1. 很多，大量，过甚。[enter]2. 夸张。
オフ,おふ,60,7,0.0,
外食,がいしょく,60,7,0.0,
稼ぐ,かせぐ,64,7,0.0,【他动词・五段 / 一类】[enter]1. 挣钱。[enter]2. 赚钱。[enter]3. 取得（分数等）。[enter]【自动词・五段 / 一类】[enter]1. 拼命劳动。
カップ,かっぷ,52,4,0.8607079764250578,
カップル,かっぷる,60,7,0.0,
叶う,かなう,60,7,0.0,
感染,かんせん,60,7,0.0,
勘弁,かんべん,67,7,0.0,原谅，饶，饶恕，宽恕，容忍。
規範,きはん,60,7,0.0,
くっきり,くっきり,74,7,0.0,鲜明，清楚，分明。
グレード,ぐれーど,60,7,0.0,
くれぐれも,くれぐれも,78,7,0.0,反复，周到，仔细。
経過,けいか,60,7,0.0,
欠陥,けっかん,66,7,0.0,
決行,けっこう,70,7,0.0,
結成,けっせい,64,7,0.0,
煙たい,けむたい,60,7,0.0,
賢明,けんめい,60,7,0.0,
コーラ,こーら,52,4,0.8607079764250578,
ゴールイン,ごーるいん,60,7,0.0,跑到终点，踢进球门；达到目的。[enter]特别多用于结婚。终成眷属。
行為,こうい,68,7,0.0,
後半,こうはん,64,7,0.0,
心得,こころえ,52,4,0.8607079764250578,
肥やす,こやす,81,7,0.0,1. 使（土地）肥沃。[enter]2. 使（家畜等）肥胖。[enter]3. 使有鉴别能力。[enter]4. 使获得利益。
悟る,さとる,60,7,0.0,
嗜好,しこう,70,7,0.0,
じっくり,じっくり,74,7,0.0,慢慢地，仔细地，不慌不忙；踏踏实实
若干,じゃっかん,60,7,0.0,
斜面,しゃめん,60,7,0.0,
収支,しゅうし,60,7,0.0,
主催,しゅさい,66,7,0.0,
出演,しゅつえん,60,7,0.0,
衝撃,しょうげき,60,7,0.0,
正体,しょうたい,54,4,0.8607079764250578,
申告,しんこく,52,4,0.8607079764250578,
親善,しんぜん,68,7,0.0,
進展,しんてん,60,7,0.0,
素早い,すばやい,74,7,0.0,1. 快速，敏捷，麻利，利落；[enter]2. 反应快，理解、判断等迅速。
清潔,せいけつ,68,7,0.0,
措置,そち,64,7,0.0,措施，处理，处理办法。
備わる,そなわる,60,7,0.0,设有，具有，具备。
聳える,そびえる,70,7,0.0,
大胆,だいたん,52,4,0.8607079764250578,
巧み,たくみ,60,7,0.0,
多数,たすう,52,4,0.8607079764250578,
戦う,たたかう,52,4,0.8607079764250578,
辿り着く,たどりつく,60,7,0.0,1.好不容易走到。[enter]2.费尽周折终于到达（结论等）。
束ねる,たばねる,60,7,0.0,
知恵,ちえ,52,4,0.8607079764250578,
窒息,ちっそく,60,7,0.0,
陳列,ちんれつ,64,7,0.0,
費やす,ついやす,68,7,0.0,
募る,つのる,73,7,0.0,1. 【自动词・五段 / 一类】激化；越来越严重。[enter]2.【他动词・五段 / 一类】招；招募；募集。
手当て,てあて,64,7,0.0,1. 预备，准备[enter]2. 补贴，补助
どうにか,どうにか,72,7,0.0,总算，勉强；设法，想办法，想法子。
咄嗟,とっさ,64,7,0.0,瞬间，立刻，刹那间，猛然。
滞る,とどこおる,72,7,0.0,1. 堵塞；积压。[enter]2. 拖延，迟延；耽搁，迟误。[enter]3. 拖欠。
問わず,とわず,64,7,0.0,不论，无论，不管，不拘，不限，不问。
生臭い,なまぐさい,64,7,0.0,1. 腥，膻，腥臊。[enter]2. 血腥。[enter]3. 不守清规，带俗气。
馴れ馴れしい,なれなれしい,67,7,0.0,狎昵，熟不拘礼。过分亲昵，熟头熟脑，嬉皮笑脸。
滲む,にじむ,68,7,0.0,
俄か,にわか,66,7,0.0,1. 突然，忽然，骤然，遽然。[enter]2. 马上，立刻。[enter]3. 临时，暂时，一时，暂短。[enter]4. 即兴滑稽小剧。
練る,ねる,68,7,0.0,1. 炼。[enter]2. 推敲。[enter]3. 掺和。[enter]4. 游行。
軒並み,のきなみ,64,7,0.0,1. 屋檐栉比，鳞次栉比。[enter]2. 每家，家家户户。[enter]3. 到处，都。
乗っ取る,のっとる,64,7,0.0,攻占，夺取，劫持。
漠然,ばくぜん,60,7,0.0,
弾む,はずむ,74,7,0.0,1.弹起，反弹。[enter]2.起劲，上劲，来劲。[enter]3.（呼吸）急促，胸口扑通扑通地跳。[enter]4.（情绪）高涨。[enter]5.出手大方，慷慨解囊。[enter]【注意与「弾く」的区别】
引き締める,ひきしめる,72,7,0.0,拉紧，缩减，紧张，振作。[enter]e.g. 気を引き締めて試合に臨む。
密か,ひそか,77,7,0.0,1.秘密地，悄悄地。[enter]2.按照自己思维做事。
ひたすら,ひたすら,64,7,0.0,一味；一个劲儿；一心一意。
匹敵,ひってき,60,7,0.0,
ひとまず,ひとまず,60,7,0.0,暂且，暂时，暂先，总之。
披露,ひろう,65,7,0.0,
貧困,ひんこん,52,4,0.8607079764250578,
不快,ふかい,60,7,0.0,
相応しい,ふさわしい,76,7,0.0,适合，适称，相称。
不備,ふび,64,7,0.0,
踏まえる,ふまえる,64,7,0.0,1.作为根据（立足点）。[enter]2.踏；踩。
振るう,ふるう,64,7,0.0,1. 挥动。[enter]2. 充分发挥力量等。使起作用。[enter]3. 兴旺，兴盛。[enter]4.（以「ふるっている」的形式）离奇，古怪。[enter]5. 同：揮う
憤慨,ふんがい,60,7,0.0,
報じる,ほうじる,68,7,0.0,1.（新闻、事件、时间等的）报道，报时。[enter]2. 报恩。[enter]3. 报仇。[enter]4. 同：報ずる
呆然,ぼうぜん,64,7,0.0,
補助,ほじょ,59,6,0.7788007830714049,
発足,ほっそく,78,6,0.7788007830714049,1. 出发，动身。[enter]2. 开始活动。
ぼやける,ぼやける,69,6,0.7788007830714049,模糊，不清楚
前もって,まえもって,61,6,0.7788007830714049,预先，事先。（前から。あらかじめ。かねてから。）
紛らわしい,まぎらわしい,80,6,0.7788007830714049,易弄错的，容易混淆的，不易分辨的。
まごつく,まごつく,73,6,0.7788007830714049,张皇失措，着慌。不知如何是好，茫然不知所措。[enter]
待ち遠しい,まちどおしい,61,6,0.7788007830714049,急切等待的，盼望已久的，等待得令人焦急的。
まちまち,まちまち,66,6,0.7788007830714049,各式各样，形形色色，纷纭。
満たす,みたす,57,6,0.7788007830714049,
みっともない,みっともない,70,6,0.7788007830714049,不像样，不体面，不成体统，难看。
未練,みれん,57,6,0.7788007830714049,
無闇,むやみ,72,6,0.7788007830714049,1. 胡乱，随便，轻率，瞎。[enter]2. 过度，过分，太，乱。
捲る,まくる,61,6,0.7788007830714049,
目覚ましい,めざましい,61,6,0.7788007830714049,惊人，异常显著。出奇的，特别突出的。
もたらす,もたらす,76,6,0.7788007830714049,带去，带来。
物足りない,ものたりない,57,6,0.7788007830714049,美中不足。
模範,もはん,57,6,0.7788007830714049,
和らげる,やわらげる,74,6,0.7788007830714049,1. 使缓和，使柔和。[enter]2. 使明白易懂。
誘惑,ゆうわく,61,6,0.7788007830714049,
預金,よきん,56,4,0.8607079764250578,
蘇る,よみがえる,67,6,0.7788007830714049,
理屈,りくつ,56,4,0.8607079764250578,
了解,りょうかい,54,3,0.0,
わざわざ,わざわざ,73,6,0.7788007830714049,1.故意地。[enter]2.特意。
敢えて,あえて,56,4,0.8607079764250578,
あくどい,あくどい,74,6,0.7788007830714049,1.［颜色］过于浓艳，［味道］太腻。[enter]2.〔做法〕太过火而（使人）讨厌，恶毒，毒辣。
当たり前,あたりまえ,61,6,0.7788007830714049,1. 当然，用不着说的。[enter]2. 普通，一般，平常。
圧倒,あっとう,54,3,0.0,
当て嵌まる,あてはまる,73,6,0.7788007830714049,1. 适用；适合，合适，恰当. 　[enter]2. 符合条件，相匹配
危うい,あやうい,61,6,0.7788007830714049,
暗示,あんじ,56,4,0.8607079764250578,
言い訳,いいわけ,54,3,0.0,
如何に,いかに,56,4,0.8607079764250578,
至って,いたって,61,6,0.7788007830714049,极，极其，极为，甚为。
一様,いちよう,56,4,0.8607079764250578,
営む,いとなむ,56,4,0.8607079764250578,
今更,いまさら,54,3,0.0,
臆病,おくびょう,61,6,0.7788007830714049,
穏やか,おだやか,65,6,0.7788007830714049,
疎か,おろそか,69,6,0.7788007830714049,1. 敷衍，马虎，草率，不认真。[enter]2. 过失，疏忽。
温和,おんわ,56,4,0.8607079764250578,
回収,かいしゅう,61,6,0.7788007830714049,
踵,かかと,54,3,0.0,
掻き回す,かきまわす,76,6,0.7788007830714049,1. 搅，搅拌，搅动。[enter]2. 搅乱，搅和。
拡散,かくさん,56,4,0.8607079764250578,
格別,かくべつ,83,6,0.7788007830714049,1. 特别，特殊，格外；显著。[enter]2. 姑且不论，没得可说。
嵩張る,かさばる,63,6,0.7788007830714049, 增大，体积大。
家畜,かちく,61,6,0.7788007830714049,
絡む,からむ,63,6,0.7788007830714049,
換算,かんさん,56,4,0.8607079764250578,
頑丈,がんじょう,71,6,0.7788007830714049,健壮，健康，健全。
気軽,きがる,66,6,0.7788007830714049,
危機,きき,54,3,0.0,
気障,きざ,80,6,0.7788007830714049,（在服装、言行方面）装模作样，矫揉造作，令人作呕。
築く,きずく,56,4,0.8607079764250578,
きっかり,きっかり,74,6,0.7788007830714049,1.整，正好，恰恰，时间、数量等的准确之状。[enter]2.清楚，清晰，明显。[enter]e.g. きっかり 10 時。
気品,きひん,84,6,0.7788007830714049,品格；气度；气派，文雅，斯文，温文尔雅。
起伏,きふく,56,4,0.8607079764250578,
生真面目,きまじめ,61,6,0.7788007830714049,
驚異,きょうい,56,4,0.8607079764250578,
共感,きょうかん,63,6,0.7788007830714049,
協議,きょうぎ,61,6,0.7788007830714049,
郷里,きょうり,69,6,0.7788007830714049,
極端,きょくたん,69,6,0.7788007830714049,
居住,きょじゅう,65,6,0.7788007830714049,
貶す,けなす,65,6,0.7788007830714049,
現行,げんこう,69,6,0.7788007830714049,现行，正在实行。
語彙,ごい,54,3,0.0,
興奮,こうふん,56,4,0.8607079764250578,
心強い,こころづよい,54,3,0.0,
骨,こつ,56,4,0.8607079764250578,
好ましい,このましい,56,4,0.8607079764250578,
込める,こめる,56,4,0.8607079764250578,
定まる,さだまる,61,6,0.7788007830714049,决定，安定
雑,ざつ,71,6,0.7788007830714049,1.【形容动词 / ナ形容词】 粗糙，粗率，粗枝大叶，潦草。[enter]2.【名词】杂类，杂项。
然程,さほど,69,6,0.7788007830714049,那样；那么 (下面多接否定语)[enter]e.g. 彼の成績はさほど悪くない。
事項,じこう,72,6,0.7788007830714049,
渋い,しぶい,73,6,0.7788007830714049,1. 涩味的；古朴的；[enter]2. 阴沉的；吝啬的。
修了,しゅうりょう,61,6,0.7788007830714049,学习完（一定课程）。
首脳,しゅのう,61,6,0.7788007830714049,
準じる,じゅんじる,54,3,0.0,
称する,しょうする,61,6,0.7788007830714049,
象徴,しょうちょう,61,6,0.7788007830714049,
照明,しょうめい,54,3,0.0,
推進,すいしん,54,3,0.0,
健やか,すこやか,82,6,0.7788007830714049,健壮，健康，健全。
裾,すそ,56,4,0.8607079764250578,
速やか,すみやか,75,6,0.7788007830714049,
倅,せがれ,56,4,0.8607079764250578,1. 小孩子，儿子。[enter]2. 小子，小崽子，小家伙。
早急,さっきゅう,54,3,0.0,
遭難,そうなん,56,4,0.8607079764250578,
そっぽ,そっぽ,56,4,0.8607079764250578,
ぞんざい,ぞんざい,69,6,0.7788007830714049,1. 粗草，草率，马虎。[enter]2. 粗鲁，没礼貌。
断つ,たつ,54,3,0.0,
忠告,ちゅうこく,61,6,0.7788007830714049,
手渡す,てわたす,56,4,0.8607079764250578,
同調,どうちょう,61,6,0.7788007830714049,
到底,とうてい,69,6,0.7788007830714049,无论如何也，怎么也。
とかく,とかく,82,6,0.7788007830714049,种种，这个那个；动不动；总之。[enter]e.g. 彼は辞めさせられる前からとかくの噂があった。 
肉体,にくたい,54,3,0.0,
乳児,にゅうじ,56,4,0.8607079764250578,
把握,はあく,56,4,0.8607079764250578,
媒介,ばいかい,56,4,0.8607079764250578,
弾く,ひく,56,4,0.8607079764250578,
万能,ばんのう,56,4,0.8607079764250578,
悲観,ひかん,69,5,0.0,
人声,ひとごえ,56,4,0.8607079764250578,
瀕死,ひんし,63,5,0.0,
ひんやり,ひんやり,71,5,0.0,（水、空气等让人感到）凉飕飕的。
封鎖,ふうさ,63,5,0.0,
振り,ふり,56,4,0.8607079764250578,
ポジション,ぽじしょん,56,4,0.8607079764250578,
マーク,まーく,51,2,0.9512294245007141,
マイカー,まいかー,56,4,0.8607079764250578,
末期,まっき,56,4,0.8607079764250578,
蔓延,まんえん,68,5,0.0,
真ん丸い,まんまるい,56,4,0.8607079764250578,圆滚的，圆圆的。
見做す,みなす,67,5,0.0,
身の回り,みのまわり,67,5,0.0,1.身边衣物。[enter]2.日常生活。[enter]3.应由自己处理的事情。
名簿,めいぼ,56,4,0.8607079764250578,
メロディー,めろでぃー,51,2,0.9512294245007141,
面する,めんする,56,4,0.8607079764250578,
目下,もっか,63,5,0.0,部下，属下；后辈，晚辈。
ユーザー,ゆーざー,56,4,0.8607079764250578,
やんわり,やんわり,67,5,0.0,柔软地。婉转，委婉，柔和地，温和地。
融合,ゆうごう,68,5,0.0,
幽霊,ゆうれい,63,5,0.0,
歪む,ゆがむ,78,5,0.0,
ユニーク,ゆにーく,51,2,0.9512294245007141,
要する,ようする,56,4,0.8607079764250578,
余程,よほど,69,5,0.0,1.很，颇，相当，大量，在很大程度上。[enter]2.很想……，差一点就……。
利点,りてん,51,2,0.9512294245007141,
レース,れーす,51,2,0.9512294245007141,
レトリック,れとりっく,63,5,0.0,rhetoric
レモン,れもん,56,4,0.8607079764250578,
浪費,ろうひ,68,5,0.0,
労力,ろうりょく,67,5,0.0,
相次ぐ,あいつぐ,56,4,0.8607079764250578,
欺く,あざむく,71,5,0.0,
焦る,あせる,63,5,0.0,
あべこべ,あべこべ,61,5,0.0,（顺序、位置、关系等）反，相反，颠倒。
あやふや,あやふや,63,5,0.0,含糊
有様,ありさま,63,5,0.0,样子，光景，情况，存在状态。事物的状态。
案じる,あんじる,69,5,0.0,1. 担心，挂念。[enter]2. 思考，想。
生き甲斐,いきがい,56,4,0.8607079764250578,
一概に,いちがいに,56,4,0.8607079764250578,
一気に,いっきに,63,5,0.0,一口气地。不停地。
逸材,いつざい,56,4,0.8607079764250578,
挑む,いどむ,71,5,0.0,
受け継ぐ,うけつぐ,56,4,0.8607079764250578,
打ち切る,うちきる,75,5,0.0,1.停止，截止，结束，中止。[enter]2.下完棋。
応急,おうきゅう,56,4,0.8607079764250578,
押し込む,おしこむ,56,4,0.8607079764250578,1.【自他动・一类】 ; 塞，塞进，塞入，硬往里装。[enter]2. 闯进去抢劫（偷盗）。
煽てる,あおてる,61,5,0.0,
害する,がいする,63,5,0.0,
確保,かくほ,63,5,0.0,
頭,かしら,56,4,0.8607079764250578,
画期的,かっきてき,63,5,0.0,
交わす,かわす,63,5,0.0,
関与,かんよ,63,5,0.0,1. 干预，参与。[enter]2. 同：干与
元来,がんらい,56,4,0.8607079764250578,
還暦,かんれき,65,5,0.0,
勤勉,きんべん,55,2,0.9512294245007141,
朽ちる,くちる,67,5,0.0,
グレー,ぐれー,55,2,0.9512294245007141,
県品,けんひん,73,5,0.0,
げっそり,げっそり,72,5,0.0,1.急剧消瘦。[enter]2.灰心，失望，无精打采。
堅実,けんじつ,55,2,0.9512294245007141,
好意,こうい,55,2,0.9512294245007141,
高尚,こうしょう,72,5,0.0,
誇張,こちょう,74,5,0.0,
捏ねる,こねる,69,5,0.0,1.（在粉、土中掺入水搅拌）揉和。[enter]2. 胡搅蛮缠，不讲理。
コマーシャル,こまーしゃる,63,5,0.0,
固有,こゆう,68,5,0.0,
根拠,こんきょ,55,2,0.9512294245007141,
障る,さわる,69,5,0.0,1.有坏影响，有害。[enter]2.妨碍，障碍，阻碍。
強いる,しいる,63,5,0.0,强迫，强使。
次元,じげん,55,2,0.9512294245007141,
自在,じざい,63,5,0.0,
始発,しはつ,55,2,0.9512294245007141,
取材,しゅざい,63,5,0.0,
終始,しゅうし,51,2,0.9512294245007141,
出世,しゅっせ,67,5,0.0,成功，出息，发迹。
承諾,しょうだく,72,5,0.0,
新任,しんにん,55,2,0.9512294245007141,
濯ぐ,すすぐ,55,2,0.9512294245007141,
すばしこい,すばしこい,74,5,0.0,敏捷，利落，灵利，灵活。
スプリング,すぷりんぐ,55,2,0.9512294245007141,
セールス,せーるす,63,5,0.0,
成果,せいか,63,5,0.0,
正当,せいとう,69,5,0.0,
センス,せんす,55,2,0.9512294245007141,
ソース,そーす,55,2,0.9512294245007141,
促進,そくしん,71,5,0.0,
染まる,そまる,71,5,0.0,
存続,そんぞく,55,2,0.9512294245007141,
体験,たいけん,55,2,0.9512294245007141,
達成,たっせい,67,5,0.0,
賜る,たまわる,82,5,0.0,1. 拜领，蒙受赏赐，蒙赐。[enter]2. 赐，赐予，赏赐。
容易い,たやすい,63,5,0.0,
多様,たよう,55,2,0.951229424500714,
蓄積,ちくせき,55,2,0.951229424500714,
徴収,ちょうしゅう,69,4,0.8607079764250578,
直面,ちょくめん,55,2,0.951229424500714,
痛切,つうせつ,73,4,0.8607079764250578,深切；迫切。[enter]e.g. 学生にとって痛切な問題。
慎む,つつしむ,60,4,0.8607079764250578,
抓る,つねる,55,2,0.951229424500714,掐，拧。
呟く,つぶやく,55,2,0.951229424500714,嘟哝，嘟囔，发牢骚，唠叨，唧咕。
壺,つぼ,64,4,0.8607079764250578,1. 罐，坛，瓮，缸。[enter]2. 穴位，穴道。[enter]3. 关键，要点。
手軽,てがる,71,4,0.8607079764250578,简单，简便，轻易。
手順,てじゅん,55,2,0.951229424500714,（工作的）次序，步骤，程序。
展望,てんぼう,55,2,0.951229424500714,
どうやら,どうやら,60,4,0.8607079764250578,1. 仿佛，多半，大概。[enter]2. 好歹，凑合，好容易才。
咎める,とがめる,69,4,0.8607079764250578,1. 责难，非难，责备不好的行为或罪行。[enter]2. 发炎，红肿，肿痛、伤口等更加恶化。
説く,とく,55,2,0.951229424500714,
年上,としうえ,55,2,0.951229424500714,年长，岁数大（的人）。
独自,どくじ,55,2,0.951229424500714,
遂げる,とげる,55,2,0.951229424500714,完成（任务），达到（愿望）；最终形成（某种结果）。
唱える,となえる,75,4,0.8607079764250578,1. 念；诵。[enter]2. 声明，提出。提倡，倡导，主张。
尚更,なおさら,64,4,0.8607079764250578,更加，越发。
名残,なごり,55,2,0.951229424500714,1.惜别，依恋。[enter]2.余音，余韵。
賑わう,にぎわう,55,2,0.951229424500714,1. 热闹，拥挤，繁华。人来的很多而热闹。（人が大勢出てにぎやかになる。）[enter]2. 繁荣，兴旺，兴隆，兴盛，繁盛。（富み栄える。繁盛する。）[enter]3. 丰盛。变丰富。（豊かになる。）
担う,になう,60,4,0.8607079764250578,
人情,にんじょう,60,4,0.8607079764250578,
濡れる,ぬれる,55,2,0.951229424500714,
年長,ねんちょう,60,4,0.8607079764250578,
伸び伸び,のびのび,60,4,0.8607079764250578,1. 悠闲，悠然自得。[enter]2. 生长茂盛，欣欣向荣。
拝啓,はいけい,55,2,0.951229424500714,
日頃,ひごろ,65,4,0.8607079764250578,平时，素日，平常。
一筋,ひとすじ,55,2,0.951229424500714,
人目,ひとめ,62,4,0.8607079764250578,世人的眼目，众目；旁人看见
フラフラ,ふらふら,55,2,0.951229424500714,1. 摇晃，晃荡；蹒跚。[enter]2. 犹豫不定，无目的的。[enter]3. 溜达，闲逛。
プリンター,ぷりんたー,53,1,0.0,
変遷,へんせん,65,4,0.8607079764250578,变迁
ホール,ほーる,55,2,0.951229424500714,hall
奉仕,ほうし,71,4,0.8607079764250578,1. 服务，不计报酬地效劳。[enter]2. 廉价销售商品。[enter]3. 侍奉（神佛或君主）。
発作,ほっさ,66,4,0.8607079764250578,
ぼやく,ぼやく,64,4,0.8607079764250578,嘟哝，牢骚。[enter]同「呟く」
本気,ほんき,55,2,0.951229424500714,真实，认真，当真，真的。
マシン,ましん,60,4,0.8607079764250578,machine
満場,まんじょう,60,4,0.8607079764250578,
身の上,みのうえ,55,2,0.951229424500714,1.境遇，身世，经历。[enter]2.命运，运气。
見晴らし,みはらし,55,2,0.951229424500714,眺望，景致。开阔地环视到远处。
明白,めいはく,55,2,0.951229424500714,1. 明白，明显。[enter]2. 同：明瞭
免除,めんじょ,69,4,0.8607079764250578,
持ち切り,もちきり,71,4,0.8607079764250578,热门话题。
野心,やしん,55,2,0.951229424500714,
勇敢,ゆうかん,64,4,0.8607079764250578,
両立,りょうりつ,55,2,0.951229424500714,
明かす,あかす,55,2,0.951229424500714,1.（秘密等）揭开，揭露；说出，说明。[enter]2.（用「夜を～」）过夜或通宵不眠。
扱う,あつかう,62,3,0.0,对待，处理，使用，经营
過ち,あやまち,62,3,0.0,错误，过错，罪过
異議,いぎ,67,3,0.0,
一連,いちれん,55,2,0.951229424500714,1. 一列；一排（ひとつらね。いちれん。）[enter]2. 同：一行
未だ,いまだ,55,2,0.951229424500714,
嘘つき,うそつき,55,2,0.951229424500714,1. 说谎（的人）。（爱）撒谎（的人）。[enter]2. 同：嘘吐き
空ろ,うつろ,55,2,0.951229424500714,1. 空洞，空虚。[enter]2. 发呆，空虚的样子。[enter]3. 同：虚ろ
演じる,えんじる,53,1,0.0,
恐れ入る,おそれいる,64,3,0.0,1.服输，折服。[enter]2.钦佩[enter]3.吃惊。
格差,かくさ,62,3,0.0,差距，差别；等级差别
微か,かすか,55,2,0.951229424500714,1. 微弱；略微；微暗，朦胧，模糊。[enter]2. 可怜，贫穷，微贱。
固める,かためる,55,2,0.951229424500714,1. 使… 凝固。[enter]2. 集中到一起。[enter]3. 使坚定。[enter]4. 加强防守。[enter]5. 身穿。
がっくり,がっくり,69,3,0.0,颓丧，失望。
かぶれる,かぶれる,69,3,0.0,1.（由漆或药品等引起的）皮肤红肿。[enter]2. 沾染坏习惯，受影响。
仮に,かりに,55,2,0.951229424500714,姑且，暂时，敷衍；假如。
過労,かろう,60,3,0.0,
簡素,かんそ,64,3,0.0,简单朴素，简朴；简化；没有修饰，质朴
緩和,かんわ,62,3,0.0,
気兼ね,きがね,73,3,0.0,多心，拘泥，顾及，顾虑。
効き目,ききめ,55,2,0.951229424500714,（药物）效验，灵验；（建议等）效果，作用。
きっぱり,きっぱり,67,3,0.0,断然，干脆，斩钉截铁，清楚，明确。
軌道,きどう,64,3,0.0,
気紛れ,きまぐれ,66,3,0.0,任性，反复无常
救急,きゅうきゅう,53,1,0.0,
窮乏,きゅうぼう,78,3,0.0,贫穷，贫困。
興じる,きょうじる,53,1,0.0,
拒絶,きょぜつ,60,3,0.0,
啓蒙,けいもう,53,1,0.0,
健全,けんぜん,53,1,0.0,
工作,こうさく,67,3,0.0,制作，修理，工程，手工。
香水,こうすい,55,2,0.951229424500714,
候補,こうほ,69,3,0.0,
考慮,こうりょ,55,2,0.951229424500714,
快い,こころよい,53,1,0.0,
ことごとく,ことごとく,71,3,0.0,全部，一个不剩，所有，一切。
誤魔化す,ごまかす,67,3,0.0,1. 欺骗，欺瞒，蒙混，愚弄〔だます〕。[enter]2. 蒙蔽，掩盖，搪塞，敷衍〔とりつくろう）。[enter]3. 弄虚作假，捣鬼；舞弊；侵吞〔いんちきをする）。
最新,さいしん,53,1,0.0,
さぞ,さぞ,69,3,0.0,想必，谅必；一定是
参拝,さんぱい,55,2,0.951229424500714,
視覚,しかく,55,2,0.951229424500714,
洒落る,しゃれる,55,2,0.951229424500714,漂亮打扮；说俏皮话；别致；狂妄。
充実,じゅうじつ,55,2,0.951229424500714,
所在,しょざい,62,3,0.0,
所持,しょじ,60,3,0.0,
紳士,しんし,55,2,0.951229424500714,
迅速,じんそく,69,3,0.0,
清々しい,すがすがしい,55,2,0.951229424500714,
好き嫌い,すききらい,62,3,0.0,
ストレス,すとれす,62,3,0.0,
救う,すくう,55,2,0.951229424500714,
スペース,すぺーす,53,1,0.0,
贅沢,ぜいたく,53,1,0.0,
精密,せいみつ,55,2,0.951229424500714,
束縛,そくばく,60,3,0.0,
ソフト,そふと,53,1,0.0,
大した,たいした,55,2,0.951229424500714,1. 惊人的；大量的，了不起的。[enter]2.（后接否定）不值一顾的，没有什么了不起的；不怎样的。
タイトル,たいとる,67,3,0.0,
チャンネル,ちゃんねる,53,1,0.0,
尽きる,つきる,55,2,0.951229424500714,
手遅れ,ておくれ,62,3,0.0,耽误，为时已晚，错过时机。
デザイン,でざいん,53,1,0.0,
てっきり,てっきり,53,1,0.0,一定，无疑
転じる,てんじる,55,2,0.951229424500714,
同感,どうかん,55,2,0.951229424500714,
投資,とうし,67,3,0.0,
堂々,どうどう,55,2,0.951229424500714,仪表堂堂
導入,どうにゅう,55,2,0.951229424500714,
捕らえる,とらえる,55,2,0.951229424500714,
長引く,ながびく,55,2,0.951229424500714,拖延，拖长
舐める,なめる,62,3,0.0,
任命,にんめい,55,2,0.951229424500714,
根回し,ねまわし,55,2,0.951229424500714,修建，事先沟通，做事前工作
パーマ,ぱーま,55,2,0.951229424500714,
ハイテク,はいてく,67,3,0.0,
配分,はいぶん,55,2,0.951229424500714,
剥ぐ,はぐ,64,3,0.0,
橋渡し,はしわたし,62,3,0.0,架桥，中间人
バック,ばっく,55,2,0.951229424500714,
果て,はて,55,2,0.951229424500714,1.［境界的］边，边际；尽头。[enter]2. 最后，末了，结局；下场。
ばてる,ばてる,75,3,0.0,精疲力尽
ハラハラ,はらはら,67,3,0.0,1. 静静地连续落下貌。[enter]2. 担心，忧虑。[enter]3. 头发散乱状。
遥か,はるか,55,2,0.951229424500714,可用用「遥かに」表示远远地
腫れる,はれる,67,3,0.0,肿胀
繁盛,はんじょう,67,3,0.0,
反する,はんする,53,1,0.0,
必死,ひっし,55,2,0.951229424500714,
付加,ふか,62,3,0.0,
福祉,ふくし,55,2,0.951229424500714,
不当,ふとう,53,1,0.0,
吹雪,ふぶき,55,2,0.951229424500714,暴风雪[enter]吹雪をついて行軍した。（冒雪行军）
ぶらぶら,ぶらぶら,67,3,0.0,摇晃，赋闲，溜达
振り込む,ふりこむ,55,2,0.951229424500714,存入，放入
弁解,べんかい,55,2,0.951229424500714,辩解，分辨
宝庫,ほうこ,67,3,0.0,
募金,ぼきん,67,3,0.0,募捐
没頭,ぼっとう,67,3,0.0,埋头，专心致志
本格,ほんかく,67,3,0.0,原则，规范，正式
負かす,まかす,69,3,0.0,打败，说服，驳倒，还价
見込み,みこみ,55,2,0.951229424500714,希望，可能性，估计，预料
見計らう,みはからう,62,2,0.951229424500714,斟酌，估计
無邪気,むじゃき,53,1,0.0,
無論,むろん,53,1,0.0,
黙々,もくもく,60,2,0.951229424500714,默默地
目論む,もくろむ,60,2,0.951229424500714,计划，筹划，策划
若しくは,もしくは,55,2,0.951229424500714,或者
文句,もんく,55,2,0.951229424500714,语句，话语，意见，牢骚
野外,やがい,55,2,0.951229424500714,
融資,ゆうし,60,2,0.951229424500714,
優勢,ゆうせい,55,2,0.951229424500714,
優先,ゆうせん,55,2,0.951229424500714,
若手,わかて,60,2,0.951229424500714,年轻人
割り込む,わりこむ,55,2,0.951229424500714,挤进，加塞，插嘴
痣,あざ,55,2,0.951229424500714,
誂える,あつらえる,57,2,0.951229424500714,定做，定购
アニミズム,あにみずむ,55,2,0.951229424500714,animism，万物有灵论
異常,いじょう,55,2,0.951229424500714,
著しい,いちじるしい,55,2,0.951229424500714,显著，非常，不寻常，反常
一挙に,いっきょに,60,2,0.951229424500714,一举，一下子[enter]e.g. 事件は一挙に解決に向かった。
いやに,いやに,63,2,0.951229424500714,太，非常，离奇，过于
ウイルス,ういるす,55,2,0.951229424500714,virus
埋める,うめる,55,2,0.951229424500714,也可以读作「うずめる」
上回る,うわまわる,55,2,0.951229424500714,超出，超过
運用,うんよう,55,2,0.951229424500714,
エッセイ,えっせい,60,2,0.951229424500714,essay，随笔
エレガント,えれがんと,55,2,0.951229424500714,elegant，优雅
円滑,えんかつ,60,2,0.951229424500714,圆滑，顺利
オーディション,おーでぃしょん,55,2,0.951229424500714,audition，试听，评选会
負う,おう,53,1,0.0,负担
奢る,おごる,62,2,0.951229424500714,
自ずから,おのずから,55,2,0.951229424500714,【副词】自然，自然而然地
怯える,おびえる,63,2,0.951229424500714,
おまけ,おまけ,63,2,0.951229424500714,奉送，附带[enter]全部買ってくださればそれをおまけに差し上げます。
重んじる,おもんじる,55,2,0.951229424500714,重视，注重
及ぶ,およぶ,55,2,0.951229424500714,涉及，临到，匹敌，比得上
階層,かいそう,60,2,0.951229424500714,
省みる,かえりみる,59,2,0.951229424500714,反省
嵩む,かさむ,60,2,0.951229424500714,增大，增多
傍ら,かたわら,60,2,0.951229424500714,
寛容,かんよう,55,2,0.951229424500714,
危害,きがい,62,2,0.951229424500714,
聞き取る,ききとる,55,2,0.951229424500714,
軋む,きしむ,55,2,0.951229424500714,摩擦，吱吱嘎嘎响
寄贈,きぞう,60,2,0.951229424500714,赠送，捐赠
禁物,きんもつ,55,2,0.951229424500714,严禁，切记，禁忌
区切り,くぎり,55,2,0.951229424500714,句读，段落，阶段
覆す,くつがえす,65,2,0.951229424500714,打翻，弄翻，推翻
結合,けつごう,60,2,0.951229424500714,
決断,けつだん,55,2,0.951229424500714,
厳密,げんみつ,55,2,0.951229424500714,
交渉,こうしょう,55,2,0.951229424500714,
殊に,ことに,60,2,0.951229424500714,格外，分外，尤其
個別,こべつ,60,2,0.951229424500714,
凝る,こる,55,2,0.951229424500714,凝聚，热衷，讲究，下功夫
採算,さいさん,55,2,0.951229424500714,核算（盈亏）[enter]採算が会う / 合算
仕入れる,しいれる,60,2,0.951229424500714,购入，买进，获得，取得
自覚,じかく,55,2,0.951229424500714,
指揮,しき,60,2,0.951229424500714,
仕切る,しきる,60,2,0.951229424500714,隔开，结账
刺繍,ししゅう,62,2,0.951229424500714,
視野,しや,55,2,0.951229424500714,
柔軟,じゅうなん,60,2,0.951229424500714,
出費,しゅっぴ,55,2,0.951229424500714,费用，开支，支出
上昇,じょうしょう,55,2,0.951229424500714,上升，上涨
条約,じょうやく,57,1,0.0,
奨励,しょうれい,57,2,0.951229424500714,
初心者,しょしんしゃ,53,1,0.0,
処置,しょち,57,1,0.0,
ショック,しょっく,57,1,0.0,
ショッピング,しょっぴんぐ,57,1,0.0,
所有,しょゆう,57,1,0.0,
慎重,しんちょう,62,2,0.951229424500714,
シンポジウム,しんぽじうむ,57,1,0.0,symposium，讨论会，专题讨论会
シンボル,しんぼる,57,1,0.0,symbol，象征
推測,すいそく,57,1,0.0,
擦れ違う,すれちがう,57,1,0.0,交错，错过去
切実,せつじつ,57,1,0.0,切实，迫切
捜索,そうさく,57,1,0.0,
逸らす,そらす,65,2,0.951229424500714,移开（视线，方向），错开，岔开（话题，注意力）
携える,たずさえる,65,2,0.951229424500714,
脱出,だっしゅつ,57,1,0.0,逃出，逃脱
だぶだぶ,だぶだぶ,57,1,0.0,肥大
だるい,だるい,57,1,0.0,懒散，慵懒，发酸
団結,だんけつ,57,1,0.0,
中立,ちゅうりつ,57,1,0.0,
調停,ちょうてい,57,1,0.0,
継ぐ,つぐ,57,1,0.0,
連ねる,つらねる,57,1,0.0,练成一排，排列成行，连上，伴同
提供,ていきょう,57,1,0.0,
解ける,とける,57,1,0.0,解开，松开
戸惑い,とまどい,57,1,0.0,找不到门，徘徊，不知所措
斜め,ななめ,57,1,0.0,倾斜，情绪不好
何より,なにより,57,1,0.0,再好不过，最好[enter]e.g. 孫たちが訪ねてくるのが何よりの慰めだった。
逃げ出す,にげだす,57,1,0.0,
強請る,ねだる,57,1,0.0,强求，央求
念頭,ねんとう,57,1,0.0,
乗り込む,のりこむ,57,1,0.0,
背後,はいご,57,1,0.0,
捗る,はかどる,57,1,0.0,顺利进展
迫害,はくがい,57,1,0.0,
果たす,はたす,58,1,0.0,完全，彻底，实现
嵌る,はまる,61,1,0.0,恰好合适，陷入，掉进
生やす,はやす,58,1,0.0,让……生长
控える,ひかえる,58,1,0.0,等候，待命，面临，迫近，节制
引き付ける,ひきつける,67,1,0.0,抽搐，吸引
必然,ひつぜん,58,1,0.0,
風物,ふうぶつ,58,1,0.0,风景
負債,ふさい,58,1,0.0,
物資,ぶっし,58,1,0.0,
返済,へんさい,58,1,0.0,偿还，还债
況して,まして,58,1,0.0,况且，何况，更加
見苦しい,みぐるしい,61,1,0.0,不好看，寒碜，丢脸，不体面
見積もり,みつもり,61,1,0.0,估计，报价
見通し,みとおし,58,1,0.0,瞭望，眺望，预料，推测，看穿
見逃す,みのがす,58,1,0.0,忽略，饶恕，放过
目処,めど,58,1,0.0,目标，眉目，头绪
門外漢,もんがいかん,58,1,0.0,
野生,やせい,58,1,0.0,
緩む,ゆるむ,58,1,0.0,松弛，松懈，缓和，（行市）疲软
横ばい,よこばい,58,1,0.0,横行，平稳，停滞
良識,りょうしき,58,1,0.0,正确的判断力，健全而卓越的见识
連休,れんきゅう,53,1,0.0,
論理,ろんり,53,1,0.0,
生憎,あいにく,58,1,0.0,不凑巧，不合时机。
挙句,あげく,58,1,0.0,结果，最后
アップ,あっぷ,53,1,0.0,
危ぶむ,あやぶむ,58,1,0.0,
有り触れる,ありふれる,61,1,0.0,常见，常有，不稀奇
粋,いき,58,1,0.0,漂亮，俊俏，风流
一同,いちどう,58,1,0.0,全体，大家
意図,いと,53,1,0.0,
嫌々,いやいや,58,1,0.0,摇头，勉勉强强，不得已而
嫌らしい,いやらしい,58,1,0.0,
訴える,うったえる,58,1,0.0,控告，控诉，呼吁，求助于……
俯く,うつむく,61,1,0.0,
生まれつき,うまれつき,58,1,0.0,天生，禀性
うんざり,うんざり,67,1,0.0,腻，厌烦，兴致索然
オーペン,おーぺん,58,1,0.0,
大方,おおかた,58,1,0.0,大部分，多半，大致
御産,おさん,58,1,0.0,分娩
惜しむ,おしむ,64,1,0.0,吝惜，舍不得，惋惜
帯びる,おびる,58,1,0.0,佩戴，携带，担任，带有
合致,がっち,58,1,0.0,
曽て,かつて,58,1,0.0,
花粉,かふん,58,1,0.0,
ガレージ,がれーじ,53,1,0.0,
頑固,がんこ,58,1,0.0,
カンニング,かんにんぐ,58,1,0.0,cunning，考试作弊
競う,きそう,61,1,0.0,
肝,きも,61,1,0.0,肝脏，胆量，心，内心深处
究極,きゅうきょく,58,1,0.0,毕竟，究竟，最终
境遇,きょうぐう,61,1,0.0,
疑惑,ぎわく,58,1,0.0,
籤,くじ,58,1,0.0,签，阄
企てる,くわだてる,58,1,0.0,企图，试图，打算，策划
欠乏,けつぼう,61,1,0.0,
権限,けんげん,58,1,0.0,
見地,けんち,58,1,0.0,观点，角度，立场
検討,けんとう,58,1,0.0,讨论，探讨，研究
公募,こうぼ,58,1,0.0,公开招募
心地,ここち,58,1,0.0,感觉，心情
試みる,こころみる,58,1,0.0,试试
誤差,ごさ,58,1,0.0,
孤独,こどく,58,1,0.0,
零れる,こぼれる,58,1,0.0,洒落，洋溢出，微微露出，凋谢
細工,さいく,58,1,0.0,工艺，玩弄技巧
採択,さいたく,61,1,0.0,采纳，通过
最中,さいちゅう,58,1,0.0,正在……中，最盛期
指図,さしず,61,1,0.0,指示，吩咐，命令
仕組み,しくみ,58,1,0.0,结构，构造，情节，计划
実費,じっぴ,58,1,0.0,实际费用，成本
しなやか,しなやか,58,1,0.0,柔软，有弹性
従来,じゅうらい,58,1,0.0,从来，以前，直到现在
上品,じょうひん,53,1,0.0,文雅，优雅
審査,しんさ,58,1,0.0,审查
真相,しんそう,53,1,0.0,
崇拝,すうはい,58,1,0.0,
薦める,すすめる,53,1,0.0,
隅,すみ,53,1,0.0,角落
説得,せっとく,58,1,0.0,说服，劝导
先祖,せんぞ,58,1,0.0,
前提,ぜんてい,58,1,0.0,
単一,たんいつ,58,1,0.0,
違える,ちがえる,58,1,0.0,更改，改变，弄错
着目,ちゃくもく,61,1,0.0,着眼，注目
追放,ついほう,58,1,0.0,放逐，驱逐，开除，革职，肃清
尽くす,つくす,58,1,0.0,
突っ込む,つっこむ,58,1,0.0,闯进，冲进去，投身，干预
貫く,つらぬく,58,1,0.0,贯通，贯穿，坚持
同士,どうし,61,1,0.0,伙伴，同好，彼此
当分,とうぶん,61,1,0.0,暂时，一时
惚ける,とぼける,61,1,0.0,迟钝，装糊涂
取り分け,とりぶんけ,58,1,0.0,特别，格外
なんだか,なんだか,58,1,0.0,总觉得，总有点，不由得
値上がり,ねあがり,53,1,0.0,
望む,のぞむ,53,1,0.0,
破棄,はき,58,1,0.0,撕毁，废弃，废除，取消
恥じる,はじる,58,1,0.0,
甚だしい,はなはだしい,58,1,0.0,很，非常，甚
繁栄,はんえい,58,1,0.0,
延いては,えんいては,50,-1,0.0,
日付,ひづけ,50,-1,0.0,
ピンポン,ぴんぽん,50,-1,0.0,
フィルム,ふぃるむ,50,-1,0.0,
ふざける,ふざける,50,-1,0.0,
復旧,ふっきゅう,50,-1,0.0,
不良,ふりょう,50,-1,0.0,
ベスト,べすと,50,-1,0.0,
ボイコット,ぼいこっと,50,-1,0.0,
ポイント,ぽいんと,50,-1,0.0,
放題,ほうだい,50,-1,0.0,
本場,ほんば,50,-1,0.0,
交わる,まじわる,50,-1,0.0,
真っ先,まっさき,50,-1,0.0,
疎ら,そら,50,-1,0.0,
塗れ,ぬれ,50,-1,0.0,
丸める,まるめる,50,-1,0.0,
見合わせる,みあわせる,50,-1,0.0,
身近,みじか,50,-1,0.0,
源,げん,50,-1,0.0,
見渡す,みわたす,50,-1,0.0,
無茶,むちゃ,50,-1,0.0,
旨,むね,50,-1,0.0,
無念,むねん,50,-1,0.0,
目当て,めあて,50,-1,0.0,
面目,めんぼく,50,-1,0.0,
設ける,もうける,50,-1,0.0,
持てる,もてる,50,-1,0.0,
有望,ゆうぼう,50,-1,0.0,
抑制,よくせい,50,-1,0.0,
類似,るいじ,50,-1,0.0,
冷淡,れいたん,50,-1,0.0,
連日,れんじつ,50,-1,0.0,
論議,ろんぎ,50,-1,0.0,
